{"cameraMode":{"drawMode":0,"name":"Shaded","section":"Shading Mode"},"sceneLighting":false,"audioPlay":false,"sceneViewState":{"showFog":true,"showMaterialUpdate":false,"showSkybox":false,"showFlares":true,"showImageEffects":true,"showParticleSystems":true},"in2DMode":false,"pivot":{"x":0.002482503652572632,"y":0.9144524335861206,"z":-0.08692249655723572},"rotation":{"x":0.1694391667842865,"y":0.19403356313705445,"z":-0.034044500440359119,"w":0.9656512141227722},"size":3.3440370559692385,"orthographic":false}